month,mean_response_time
January,327.36665313303558
February,319.80059242863189
March,310.68902765388049
April,312.32211259431227
May,319.32045741040878
June,318.87324274352125
July,304.37262557456944
August,310.23185120604478
September,315.05735026173465
October,321.70526810132878
November,312.75811903012493
December,320.78942964342593
